description,ProtT5_ANN_prob,SaProt_ANN_prob,avg_prob,final_prediction
sp|P0A901,0.057022444903850555,0.48626819252967834,0.27164531871676445,False
sp|P09030,0.09892331808805466,0.5119656920433044,0.30544450506567955,False
