description,ProtT5_ANN_prob,SaProt_ANN_prob,avg_prob,final_prediction
sp|P0A901,0.057022467255592346,0.0034620510414242744,0.03024225914850831,False
sp|P09030,0.09892331808805466,0.044282685965299606,0.07160300202667713,False
