description,ProtT5_ANN_prob,SaProt_ANN_prob,avg_prob,final_prediction
sp|P0A901,0.057022444903850555,0.00346205267123878,0.030242248787544668,False
sp|P09030,0.09892331808805466,0.04428256303071976,0.07160294055938721,False
